ClusterID,count,mean,std,min,25%,50%,75%,max
4,9.0,0.06666666666666667,0.0,0.06666666666666667,0.06666666666666667,0.06666666666666667,0.06666666666666667,0.06666666666666667
