TargetUser,Item,PredictedRating
A1ER5AYS3FQ9O3,B000JE4594,4.288888888888889
A1ER5AYS3FQ9O3,B00L38GD2W,4.288888888888889
