ClusterID,Centroid_z_score
0,-2.141004345193863
1,0.7336811382301303
2,0.0202220502176657
3,-1.423793329244334
4,-0.7027700451350769
